2021-06-01,100000,Gabinete 1,Libre
2021-06-01,110000,Gabinete 1,Libre
2021-06-01,120000,Gabinete 1,Libre
2021-06-01,130000,Gabinete 1,Libre
2021-06-01,140000,Gabinete 1,Libre
2021-06-01,150000,Gabinete 1,Libre
2021-06-01,160000,Gabinete 1,Libre
2021-06-01,170000,Gabinete 1,Libre
2021-06-01,180000,Gabinete 1,Libre
2021-06-01,100000,Gabinete 2,Libre
2021-06-01,110000,Gabinete 2,Libre
2021-06-01,120000,Gabinete 2,Libre
2021-06-01,130000,Gabinete 2,Libre
2021-06-01,140000,Gabinete 2,Libre
2021-06-01,150000,Gabinete 2,Libre
2021-06-01,160000,Gabinete 2,Libre
2021-06-01,170000,Gabinete 2,Libre
2021-06-01,180000,Gabinete 2,Libre
2021-06-01,100000,Gabinete 3,Libre
2021-06-01,110000,Gabinete 3,Libre
2021-06-01,120000,Gabinete 3,Libre
2021-06-01,130000,Gabinete 3,Libre
2021-06-01,140000,Gabinete 3,Libre
2021-06-01,150000,Gabinete 3,Libre
2021-06-01,160000,Gabinete 3,Libre
2021-06-01,170000,Gabinete 3,Libre
2021-06-01,180000,Gabinete 3,Libre
2021-06-02,100000,Gabinete 1,Libre
2021-06-02,110000,Gabinete 1,Libre
2021-06-02,120000,Gabinete 1,Libre
2021-06-02,130000,Gabinete 1,Libre
2021-06-02,140000,Gabinete 1,Libre
2021-06-02,150000,Gabinete 1,Libre
2021-06-02,160000,Gabinete 1,Libre
2021-06-02,170000,Gabinete 1,Libre
2021-06-02,180000,Gabinete 1,Libre
2021-06-02,100000,Gabinete 2,Libre
2021-06-02,110000,Gabinete 2,Libre
2021-06-02,120000,Gabinete 2,Libre
2021-06-02,130000,Gabinete 2,Libre
2021-06-02,140000,Gabinete 2,Libre
2021-06-02,150000,Gabinete 2,Libre
2021-06-02,160000,Gabinete 2,Libre
2021-06-02,170000,Gabinete 2,Libre
2021-06-02,180000,Gabinete 2,Libre
2021-06-02,100000,Gabinete 3,Libre
2021-06-02,110000,Gabinete 3,Libre
2021-06-02,120000,Gabinete 3,Libre
2021-06-02,130000,Gabinete 3,Libre
2021-06-02,140000,Gabinete 3,Libre
2021-06-02,150000,Gabinete 3,Libre
2021-06-02,160000,Gabinete 3,Libre
2021-06-02,170000,Gabinete 3,Libre
2021-06-02,180000,Gabinete 3,Libre
2021-06-03,100000,Gabinete 1,Libre
2021-06-03,110000,Gabinete 1,Libre
2021-06-03,120000,Gabinete 1,Libre
2021-06-03,130000,Gabinete 1,Libre
2021-06-03,140000,Gabinete 1,Libre
2021-06-03,150000,Gabinete 1,Libre
2021-06-03,160000,Gabinete 1,Libre
2021-06-03,170000,Gabinete 1,Libre
2021-06-03,180000,Gabinete 1,Libre
2021-06-03,100000,Gabinete 2,Libre
2021-06-03,110000,Gabinete 2,Libre
2021-06-03,120000,Gabinete 2,Libre
2021-06-03,130000,Gabinete 2,Libre
2021-06-03,140000,Gabinete 2,Libre
2021-06-03,150000,Gabinete 2,Libre
2021-06-03,160000,Gabinete 2,Libre
2021-06-03,170000,Gabinete 2,Libre
2021-06-03,180000,Gabinete 2,Libre
2021-06-03,100000,Gabinete 3,Libre
2021-06-03,110000,Gabinete 3,Libre
2021-06-03,120000,Gabinete 3,Libre
2021-06-03,130000,Gabinete 3,Libre
2021-06-03,140000,Gabinete 3,Libre
2021-06-03,150000,Gabinete 3,Libre
2021-06-03,160000,Gabinete 3,Libre
2021-06-03,170000,Gabinete 3,Libre
2021-06-03,180000,Gabinete 3,Libre
2021-06-04,100000,Gabinete 1,Libre
2021-06-04,110000,Gabinete 1,Libre
2021-06-04,120000,Gabinete 1,Libre
2021-06-04,130000,Gabinete 1,Libre
2021-06-04,140000,Gabinete 1,Libre
2021-06-04,150000,Gabinete 1,Libre
2021-06-04,160000,Gabinete 1,Libre
2021-06-04,170000,Gabinete 1,Libre
2021-06-04,180000,Gabinete 1,Libre
2021-06-04,100000,Gabinete 2,Libre
2021-06-04,110000,Gabinete 2,Libre
2021-06-04,120000,Gabinete 2,Libre
2021-06-04,130000,Gabinete 2,Libre
2021-06-04,140000,Gabinete 2,Libre
2021-06-04,150000,Gabinete 2,Libre
2021-06-04,160000,Gabinete 2,Libre
2021-06-04,170000,Gabinete 2,Libre
2021-06-04,180000,Gabinete 2,Libre
2021-06-04,100000,Gabinete 3,Libre
2021-06-04,110000,Gabinete 3,Libre
2021-06-04,120000,Gabinete 3,Libre
2021-06-04,130000,Gabinete 3,Libre
2021-06-04,140000,Gabinete 3,Libre
2021-06-04,150000,Gabinete 3,Libre
2021-06-04,160000,Gabinete 3,Libre
2021-06-04,170000,Gabinete 3,Libre
2021-06-04,180000,Gabinete 3,Libre
2021-06-05,100000,Gabinete 1,Libre
2021-06-05,110000,Gabinete 1,Libre
2021-06-05,120000,Gabinete 1,Libre
2021-06-05,130000,Gabinete 1,Libre
2021-06-05,140000,Gabinete 1,Libre
2021-06-05,150000,Gabinete 1,Libre
2021-06-05,160000,Gabinete 1,Libre
2021-06-05,170000,Gabinete 1,Libre
2021-06-05,180000,Gabinete 1,Libre
2021-06-05,100000,Gabinete 2,Libre
2021-06-05,110000,Gabinete 2,Libre
2021-06-05,120000,Gabinete 2,Libre
2021-06-05,130000,Gabinete 2,Libre
2021-06-05,140000,Gabinete 2,Libre
2021-06-05,150000,Gabinete 2,Libre
2021-06-05,160000,Gabinete 2,Libre
2021-06-05,170000,Gabinete 2,Libre
2021-06-05,180000,Gabinete 2,Libre
2021-06-05,100000,Gabinete 3,Libre
2021-06-05,110000,Gabinete 3,Libre
2021-06-05,120000,Gabinete 3,Libre
2021-06-05,130000,Gabinete 3,Libre
2021-06-05,140000,Gabinete 3,Libre
2021-06-05,150000,Gabinete 3,Libre
2021-06-05,160000,Gabinete 3,Libre
2021-06-05,170000,Gabinete 3,Libre
2021-06-05,180000,Gabinete 3,Libre
2021-06-07,100000,Gabinete 1,Libre
2021-06-07,110000,Gabinete 1,Libre
2021-06-07,120000,Gabinete 1,Libre
2021-06-07,130000,Gabinete 1,Libre
2021-06-07,140000,Gabinete 1,Libre
2021-06-07,150000,Gabinete 1,Libre
2021-06-07,160000,Gabinete 1,Libre
2021-06-07,170000,Gabinete 1,Libre
2021-06-07,180000,Gabinete 1,Libre
2021-06-07,100000,Gabinete 2,Libre
2021-06-07,110000,Gabinete 2,Libre
2021-06-07,120000,Gabinete 2,Libre
2021-06-07,130000,Gabinete 2,Libre
2021-06-07,140000,Gabinete 2,Libre
2021-06-07,150000,Gabinete 2,Libre
2021-06-07,160000,Gabinete 2,Libre
2021-06-07,170000,Gabinete 2,Libre
2021-06-07,180000,Gabinete 2,Libre
2021-06-07,100000,Gabinete 3,Libre
2021-06-07,110000,Gabinete 3,Libre
2021-06-07,120000,Gabinete 3,Libre
2021-06-07,130000,Gabinete 3,Libre
2021-06-07,140000,Gabinete 3,Libre
2021-06-07,150000,Gabinete 3,Libre
2021-06-07,160000,Gabinete 3,Libre
2021-06-07,170000,Gabinete 3,Libre
2021-06-07,180000,Gabinete 3,Libre
2021-06-08,100000,Gabinete 1,Libre
2021-06-08,110000,Gabinete 1,Libre
2021-06-08,120000,Gabinete 1,Libre
2021-06-08,130000,Gabinete 1,Libre
2021-06-08,140000,Gabinete 1,Libre
2021-06-08,150000,Gabinete 1,Libre
2021-06-08,160000,Gabinete 1,Libre
2021-06-08,170000,Gabinete 1,Libre
2021-06-08,180000,Gabinete 1,Libre
2021-06-08,100000,Gabinete 2,Libre
2021-06-08,110000,Gabinete 2,Libre
2021-06-08,120000,Gabinete 2,Libre
2021-06-08,130000,Gabinete 2,Libre
2021-06-08,140000,Gabinete 2,Libre
2021-06-08,150000,Gabinete 2,Libre
2021-06-08,160000,Gabinete 2,Libre
2021-06-08,170000,Gabinete 2,Libre
2021-06-08,180000,Gabinete 2,Libre
2021-06-08,100000,Gabinete 3,Libre
2021-06-08,110000,Gabinete 3,Libre
2021-06-08,120000,Gabinete 3,Libre
2021-06-08,130000,Gabinete 3,Libre
2021-06-08,140000,Gabinete 3,Libre
2021-06-08,150000,Gabinete 3,Libre
2021-06-08,160000,Gabinete 3,Libre
2021-06-08,170000,Gabinete 3,Libre
2021-06-08,180000,Gabinete 3,Libre
2021-06-09,100000,Gabinete 1,Libre
2021-06-09,110000,Gabinete 1,Libre
2021-06-09,120000,Gabinete 1,Libre
2021-06-09,130000,Gabinete 1,Libre
2021-06-09,140000,Gabinete 1,Libre
2021-06-09,150000,Gabinete 1,Libre
2021-06-09,160000,Gabinete 1,Libre
2021-06-09,170000,Gabinete 1,Libre
2021-06-09,180000,Gabinete 1,Libre
2021-06-09,100000,Gabinete 2,Libre
2021-06-09,110000,Gabinete 2,Libre
2021-06-09,120000,Gabinete 2,Libre
2021-06-09,130000,Gabinete 2,Libre
2021-06-09,140000,Gabinete 2,Libre
2021-06-09,150000,Gabinete 2,Libre
2021-06-09,160000,Gabinete 2,Libre
2021-06-09,170000,Gabinete 2,Libre
2021-06-09,180000,Gabinete 2,Libre
2021-06-09,100000,Gabinete 3,Libre
2021-06-09,110000,Gabinete 3,Libre
2021-06-09,120000,Gabinete 3,Libre
2021-06-09,130000,Gabinete 3,Libre
2021-06-09,140000,Gabinete 3,Libre
2021-06-09,150000,Gabinete 3,Libre
2021-06-09,160000,Gabinete 3,Libre
2021-06-09,170000,Gabinete 3,Libre
2021-06-09,180000,Gabinete 3,Libre
2021-06-10,100000,Gabinete 1,Libre
2021-06-10,110000,Gabinete 1,Libre
2021-06-10,120000,Gabinete 1,Libre
2021-06-10,130000,Gabinete 1,Libre
2021-06-10,140000,Gabinete 1,Libre
2021-06-10,150000,Gabinete 1,Libre
2021-06-10,160000,Gabinete 1,Libre
2021-06-10,170000,Gabinete 1,Libre
2021-06-10,180000,Gabinete 1,Libre
2021-06-10,100000,Gabinete 2,Libre
2021-06-10,110000,Gabinete 2,Libre
2021-06-10,120000,Gabinete 2,Libre
2021-06-10,130000,Gabinete 2,Libre
2021-06-10,140000,Gabinete 2,Libre
2021-06-10,150000,Gabinete 2,Libre
2021-06-10,160000,Gabinete 2,Libre
2021-06-10,170000,Gabinete 2,Libre
2021-06-10,180000,Gabinete 2,Libre
2021-06-10,100000,Gabinete 3,Libre
2021-06-10,110000,Gabinete 3,Libre
2021-06-10,120000,Gabinete 3,Libre
2021-06-10,130000,Gabinete 3,Libre
2021-06-10,140000,Gabinete 3,Libre
2021-06-10,150000,Gabinete 3,Libre
2021-06-10,160000,Gabinete 3,Libre
2021-06-10,170000,Gabinete 3,Libre
2021-06-10,180000,Gabinete 3,Libre
2021-06-11,100000,Gabinete 1,Libre
2021-06-11,110000,Gabinete 1,Libre
2021-06-11,120000,Gabinete 1,Libre
2021-06-11,130000,Gabinete 1,Libre
2021-06-11,140000,Gabinete 1,Libre
2021-06-11,150000,Gabinete 1,Libre
2021-06-11,160000,Gabinete 1,Libre
2021-06-11,170000,Gabinete 1,Libre
2021-06-11,180000,Gabinete 1,Libre
2021-06-11,100000,Gabinete 2,Libre
2021-06-11,110000,Gabinete 2,Libre
2021-06-11,120000,Gabinete 2,Libre
2021-06-11,130000,Gabinete 2,Libre
2021-06-11,140000,Gabinete 2,Libre
2021-06-11,150000,Gabinete 2,Libre
2021-06-11,160000,Gabinete 2,Libre
2021-06-11,170000,Gabinete 2,Libre
2021-06-11,180000,Gabinete 2,Libre
2021-06-11,100000,Gabinete 3,Libre
2021-06-11,110000,Gabinete 3,Libre
2021-06-11,120000,Gabinete 3,Libre
2021-06-11,130000,Gabinete 3,Libre
2021-06-11,140000,Gabinete 3,Libre
2021-06-11,150000,Gabinete 3,Libre
2021-06-11,160000,Gabinete 3,Libre
2021-06-11,170000,Gabinete 3,Libre
2021-06-11,180000,Gabinete 3,Libre
2021-06-12,100000,Gabinete 1,Libre
2021-06-12,110000,Gabinete 1,Libre
2021-06-12,120000,Gabinete 1,Libre
2021-06-12,130000,Gabinete 1,Libre
2021-06-12,140000,Gabinete 1,Libre
2021-06-12,150000,Gabinete 1,Libre
2021-06-12,160000,Gabinete 1,Libre
2021-06-12,170000,Gabinete 1,Libre
2021-06-12,180000,Gabinete 1,Libre
2021-06-12,100000,Gabinete 2,Libre
2021-06-12,110000,Gabinete 2,Libre
2021-06-12,120000,Gabinete 2,Libre
2021-06-12,130000,Gabinete 2,Libre
2021-06-12,140000,Gabinete 2,Libre
2021-06-12,150000,Gabinete 2,Libre
2021-06-12,160000,Gabinete 2,Libre
2021-06-12,170000,Gabinete 2,Libre
2021-06-12,180000,Gabinete 2,Libre
2021-06-12,100000,Gabinete 3,Libre
2021-06-12,110000,Gabinete 3,Libre
2021-06-12,120000,Gabinete 3,Libre
2021-06-12,130000,Gabinete 3,Libre
2021-06-12,140000,Gabinete 3,Libre
2021-06-12,150000,Gabinete 3,Libre
2021-06-12,160000,Gabinete 3,Libre
2021-06-12,170000,Gabinete 3,Libre
2021-06-12,180000,Gabinete 3,Libre
2021-06-14,100000,Gabinete 1,Libre
2021-06-14,110000,Gabinete 1,Libre
2021-06-14,120000,Gabinete 1,Libre
2021-06-14,130000,Gabinete 1,Libre
2021-06-14,140000,Gabinete 1,Libre
2021-06-14,150000,Gabinete 1,Libre
2021-06-14,160000,Gabinete 1,Libre
2021-06-14,170000,Gabinete 1,Libre
2021-06-14,180000,Gabinete 1,Libre
2021-06-14,100000,Gabinete 2,Libre
2021-06-14,110000,Gabinete 2,Libre
2021-06-14,120000,Gabinete 2,Libre
2021-06-14,130000,Gabinete 2,Libre
2021-06-14,140000,Gabinete 2,Libre
2021-06-14,150000,Gabinete 2,Libre
2021-06-14,160000,Gabinete 2,Libre
2021-06-14,170000,Gabinete 2,Libre
2021-06-14,180000,Gabinete 2,Libre
2021-06-14,100000,Gabinete 3,Libre
2021-06-14,110000,Gabinete 3,Libre
2021-06-14,120000,Gabinete 3,Libre
2021-06-14,130000,Gabinete 3,Libre
2021-06-14,140000,Gabinete 3,Libre
2021-06-14,150000,Gabinete 3,Libre
2021-06-14,160000,Gabinete 3,Libre
2021-06-14,170000,Gabinete 3,Libre
2021-06-14,180000,Gabinete 3,Libre
2021-06-15,100000,Gabinete 1,Libre
2021-06-15,110000,Gabinete 1,Libre
2021-06-15,120000,Gabinete 1,Libre
2021-06-15,130000,Gabinete 1,Libre
2021-06-15,140000,Gabinete 1,Libre
2021-06-15,150000,Gabinete 1,Libre
2021-06-15,160000,Gabinete 1,Libre
2021-06-15,170000,Gabinete 1,Libre
2021-06-15,180000,Gabinete 1,Libre
2021-06-15,100000,Gabinete 2,Libre
2021-06-15,110000,Gabinete 2,Libre
2021-06-15,120000,Gabinete 2,Libre
2021-06-15,130000,Gabinete 2,Libre
2021-06-15,140000,Gabinete 2,Libre
2021-06-15,150000,Gabinete 2,Libre
2021-06-15,160000,Gabinete 2,Libre
2021-06-15,170000,Gabinete 2,Libre
2021-06-15,180000,Gabinete 2,Libre
2021-06-15,100000,Gabinete 3,Libre
2021-06-15,110000,Gabinete 3,Libre
2021-06-15,120000,Gabinete 3,Libre
2021-06-15,130000,Gabinete 3,Libre
2021-06-15,140000,Gabinete 3,Libre
2021-06-15,150000,Gabinete 3,Libre
2021-06-15,160000,Gabinete 3,Libre
2021-06-15,170000,Gabinete 3,Libre
2021-06-15,180000,Gabinete 3,Libre
2021-06-16,100000,Gabinete 1,Libre
2021-06-16,110000,Gabinete 1,Libre
2021-06-16,120000,Gabinete 1,Libre
2021-06-16,130000,Gabinete 1,Libre
2021-06-16,140000,Gabinete 1,Libre
2021-06-16,150000,Gabinete 1,Libre
2021-06-16,160000,Gabinete 1,Libre
2021-06-16,170000,Gabinete 1,Libre
2021-06-16,180000,Gabinete 1,Libre
2021-06-16,100000,Gabinete 2,Libre
2021-06-16,110000,Gabinete 2,Libre
2021-06-16,120000,Gabinete 2,Libre
2021-06-16,130000,Gabinete 2,Libre
2021-06-16,140000,Gabinete 2,Libre
2021-06-16,150000,Gabinete 2,Libre
2021-06-16,160000,Gabinete 2,Libre
2021-06-16,170000,Gabinete 2,Libre
2021-06-16,180000,Gabinete 2,Libre
2021-06-16,100000,Gabinete 3,Libre
2021-06-16,110000,Gabinete 3,Libre
2021-06-16,120000,Gabinete 3,Libre
2021-06-16,130000,Gabinete 3,Libre
2021-06-16,140000,Gabinete 3,Libre
2021-06-16,150000,Gabinete 3,Libre
2021-06-16,160000,Gabinete 3,Libre
2021-06-16,170000,Gabinete 3,Libre
2021-06-16,180000,Gabinete 3,Libre
2021-06-17,100000,Gabinete 1,Libre
2021-06-17,110000,Gabinete 1,Libre
2021-06-17,120000,Gabinete 1,Libre
2021-06-17,130000,Gabinete 1,Libre
2021-06-17,140000,Gabinete 1,Libre
2021-06-17,150000,Gabinete 1,Libre
2021-06-17,160000,Gabinete 1,Libre
2021-06-17,170000,Gabinete 1,Libre
2021-06-17,180000,Gabinete 1,Libre
2021-06-17,100000,Gabinete 2,Libre
2021-06-17,110000,Gabinete 2,Libre
2021-06-17,120000,Gabinete 2,Libre
2021-06-17,130000,Gabinete 2,Libre
2021-06-17,140000,Gabinete 2,Libre
2021-06-17,150000,Gabinete 2,Libre
2021-06-17,160000,Gabinete 2,Libre
2021-06-17,170000,Gabinete 2,Libre
2021-06-17,180000,Gabinete 2,Libre
2021-06-17,100000,Gabinete 3,Libre
2021-06-17,110000,Gabinete 3,Libre
2021-06-17,120000,Gabinete 3,Libre
2021-06-17,130000,Gabinete 3,Libre
2021-06-17,140000,Gabinete 3,Libre
2021-06-17,150000,Gabinete 3,Libre
2021-06-17,160000,Gabinete 3,Libre
2021-06-17,170000,Gabinete 3,Libre
2021-06-17,180000,Gabinete 3,Libre
2021-06-18,100000,Gabinete 1,Libre
2021-06-18,110000,Gabinete 1,Libre
2021-06-18,120000,Gabinete 1,Libre
2021-06-18,130000,Gabinete 1,Libre
2021-06-18,140000,Gabinete 1,Libre
2021-06-18,150000,Gabinete 1,Libre
2021-06-18,160000,Gabinete 1,Libre
2021-06-18,170000,Gabinete 1,Libre
2021-06-18,180000,Gabinete 1,Libre
2021-06-18,100000,Gabinete 2,Libre
2021-06-18,110000,Gabinete 2,Libre
2021-06-18,120000,Gabinete 2,Libre
2021-06-18,130000,Gabinete 2,Libre
2021-06-18,140000,Gabinete 2,Libre
2021-06-18,150000,Gabinete 2,Libre
2021-06-18,160000,Gabinete 2,Libre
2021-06-18,170000,Gabinete 2,Libre
2021-06-18,180000,Gabinete 2,Libre
2021-06-18,100000,Gabinete 3,Libre
2021-06-18,110000,Gabinete 3,Libre
2021-06-18,120000,Gabinete 3,Libre
2021-06-18,130000,Gabinete 3,Libre
2021-06-18,140000,Gabinete 3,Libre
2021-06-18,150000,Gabinete 3,Libre
2021-06-18,160000,Gabinete 3,Libre
2021-06-18,170000,Gabinete 3,Libre
2021-06-18,180000,Gabinete 3,Libre
2021-06-19,100000,Gabinete 1,Libre
2021-06-19,110000,Gabinete 1,Libre
2021-06-19,120000,Gabinete 1,Libre
2021-06-19,130000,Gabinete 1,Libre
2021-06-19,140000,Gabinete 1,Libre
2021-06-19,150000,Gabinete 1,Libre
2021-06-19,160000,Gabinete 1,Libre
2021-06-19,170000,Gabinete 1,Libre
2021-06-19,180000,Gabinete 1,Libre
2021-06-19,100000,Gabinete 2,Libre
2021-06-19,110000,Gabinete 2,Libre
2021-06-19,120000,Gabinete 2,Libre
2021-06-19,130000,Gabinete 2,Libre
2021-06-19,140000,Gabinete 2,Libre
2021-06-19,150000,Gabinete 2,Libre
2021-06-19,160000,Gabinete 2,Libre
2021-06-19,170000,Gabinete 2,Libre
2021-06-19,180000,Gabinete 2,Libre
2021-06-19,100000,Gabinete 3,Libre
2021-06-19,110000,Gabinete 3,Libre
2021-06-19,120000,Gabinete 3,Libre
2021-06-19,130000,Gabinete 3,Libre
2021-06-19,140000,Gabinete 3,Libre
2021-06-19,150000,Gabinete 3,Libre
2021-06-19,160000,Gabinete 3,Libre
2021-06-19,170000,Gabinete 3,Libre
2021-06-19,180000,Gabinete 3,Libre
2021-06-21,100000,Gabinete 1,Libre
2021-06-21,110000,Gabinete 1,Libre
2021-06-21,120000,Gabinete 1,Libre
2021-06-21,130000,Gabinete 1,Libre
2021-06-21,140000,Gabinete 1,Libre
2021-06-21,150000,Gabinete 1,Libre
2021-06-21,160000,Gabinete 1,Libre
2021-06-21,170000,Gabinete 1,Libre
2021-06-21,180000,Gabinete 1,Libre
2021-06-21,100000,Gabinete 2,Libre
2021-06-21,110000,Gabinete 2,Libre
2021-06-21,120000,Gabinete 2,Libre
2021-06-21,130000,Gabinete 2,Libre
2021-06-21,140000,Gabinete 2,Libre
2021-06-21,150000,Gabinete 2,Libre
2021-06-21,160000,Gabinete 2,Libre
2021-06-21,170000,Gabinete 2,Libre
2021-06-21,180000,Gabinete 2,Libre
2021-06-21,100000,Gabinete 3,Libre
2021-06-21,110000,Gabinete 3,Libre
2021-06-21,120000,Gabinete 3,Libre
2021-06-21,130000,Gabinete 3,Libre
2021-06-21,140000,Gabinete 3,Libre
2021-06-21,150000,Gabinete 3,Libre
2021-06-21,160000,Gabinete 3,Libre
2021-06-21,170000,Gabinete 3,Libre
2021-06-21,180000,Gabinete 3,Libre
2021-06-22,100000,Gabinete 1,Libre
2021-06-22,110000,Gabinete 1,Libre
2021-06-22,120000,Gabinete 1,Libre
2021-06-22,130000,Gabinete 1,Libre
2021-06-22,140000,Gabinete 1,Libre
2021-06-22,150000,Gabinete 1,Libre
2021-06-22,160000,Gabinete 1,Libre
2021-06-22,170000,Gabinete 1,Libre
2021-06-22,180000,Gabinete 1,Libre
2021-06-22,100000,Gabinete 2,Libre
2021-06-22,110000,Gabinete 2,Libre
2021-06-22,120000,Gabinete 2,Libre
2021-06-22,130000,Gabinete 2,Libre
2021-06-22,140000,Gabinete 2,Libre
2021-06-22,150000,Gabinete 2,Libre
2021-06-22,160000,Gabinete 2,Libre
2021-06-22,170000,Gabinete 2,Libre
2021-06-22,180000,Gabinete 2,Libre
2021-06-22,100000,Gabinete 3,Libre
2021-06-22,110000,Gabinete 3,Libre
2021-06-22,120000,Gabinete 3,Libre
2021-06-22,130000,Gabinete 3,Libre
2021-06-22,140000,Gabinete 3,Libre
2021-06-22,150000,Gabinete 3,Libre
2021-06-22,160000,Gabinete 3,Libre
2021-06-22,170000,Gabinete 3,Libre
2021-06-22,180000,Gabinete 3,Libre
2021-06-23,100000,Gabinete 1,Libre
2021-06-23,110000,Gabinete 1,Libre
2021-06-23,120000,Gabinete 1,Libre
2021-06-23,130000,Gabinete 1,Libre
2021-06-23,140000,Gabinete 1,Libre
2021-06-23,150000,Gabinete 1,Libre
2021-06-23,160000,Gabinete 1,Libre
2021-06-23,170000,Gabinete 1,Libre
2021-06-23,180000,Gabinete 1,Libre
2021-06-23,100000,Gabinete 2,Libre
2021-06-23,110000,Gabinete 2,Libre
2021-06-23,120000,Gabinete 2,Libre
2021-06-23,130000,Gabinete 2,Libre
2021-06-23,140000,Gabinete 2,Libre
2021-06-23,150000,Gabinete 2,Libre
2021-06-23,160000,Gabinete 2,Libre
2021-06-23,170000,Gabinete 2,Libre
2021-06-23,180000,Gabinete 2,Libre
2021-06-23,100000,Gabinete 3,Libre
2021-06-23,110000,Gabinete 3,Libre
2021-06-23,120000,Gabinete 3,Libre
2021-06-23,130000,Gabinete 3,Libre
2021-06-23,140000,Gabinete 3,Libre
2021-06-23,150000,Gabinete 3,Libre
2021-06-23,160000,Gabinete 3,Libre
2021-06-23,170000,Gabinete 3,Libre
2021-06-23,180000,Gabinete 3,Libre
2021-06-24,100000,Gabinete 1,Libre
2021-06-24,110000,Gabinete 1,Libre
2021-06-24,120000,Gabinete 1,Libre
2021-06-24,130000,Gabinete 1,Libre
2021-06-24,140000,Gabinete 1,Libre
2021-06-24,150000,Gabinete 1,Libre
2021-06-24,160000,Gabinete 1,Libre
2021-06-24,170000,Gabinete 1,Libre
2021-06-24,180000,Gabinete 1,Libre
2021-06-24,100000,Gabinete 2,Libre
2021-06-24,110000,Gabinete 2,Libre
2021-06-24,120000,Gabinete 2,Libre
2021-06-24,130000,Gabinete 2,Libre
2021-06-24,140000,Gabinete 2,Libre
2021-06-24,150000,Gabinete 2,Libre
2021-06-24,160000,Gabinete 2,Libre
2021-06-24,170000,Gabinete 2,Libre
2021-06-24,180000,Gabinete 2,Libre
2021-06-24,100000,Gabinete 3,Libre
2021-06-24,110000,Gabinete 3,Libre
2021-06-24,120000,Gabinete 3,Libre
2021-06-24,130000,Gabinete 3,Libre
2021-06-24,140000,Gabinete 3,Libre
2021-06-24,150000,Gabinete 3,Libre
2021-06-24,160000,Gabinete 3,Libre
2021-06-24,170000,Gabinete 3,Libre
2021-06-24,180000,Gabinete 3,Libre
2021-06-25,100000,Gabinete 1,Libre
2021-06-25,110000,Gabinete 1,Libre
2021-06-25,120000,Gabinete 1,Libre
2021-06-25,130000,Gabinete 1,Libre
2021-06-25,140000,Gabinete 1,Libre
2021-06-25,150000,Gabinete 1,Libre
2021-06-25,160000,Gabinete 1,Libre
2021-06-25,170000,Gabinete 1,Libre
2021-06-25,180000,Gabinete 1,Libre
2021-06-25,100000,Gabinete 2,Libre
2021-06-25,110000,Gabinete 2,Libre
2021-06-25,120000,Gabinete 2,Libre
2021-06-25,130000,Gabinete 2,Libre
2021-06-25,140000,Gabinete 2,Libre
2021-06-25,150000,Gabinete 2,Libre
2021-06-25,160000,Gabinete 2,Libre
2021-06-25,170000,Gabinete 2,Libre
2021-06-25,180000,Gabinete 2,Libre
2021-06-25,100000,Gabinete 3,Libre
2021-06-25,110000,Gabinete 3,Libre
2021-06-25,120000,Gabinete 3,Libre
2021-06-25,130000,Gabinete 3,Libre
2021-06-25,140000,Gabinete 3,Libre
2021-06-25,150000,Gabinete 3,Libre
2021-06-25,160000,Gabinete 3,Libre
2021-06-25,170000,Gabinete 3,Libre
2021-06-25,180000,Gabinete 3,Libre
2021-06-26,100000,Gabinete 1,Libre
2021-06-26,110000,Gabinete 1,Libre
2021-06-26,120000,Gabinete 1,Libre
2021-06-26,130000,Gabinete 1,Libre
2021-06-26,140000,Gabinete 1,Libre
2021-06-26,150000,Gabinete 1,Libre
2021-06-26,160000,Gabinete 1,Libre
2021-06-26,170000,Gabinete 1,Libre
2021-06-26,180000,Gabinete 1,Libre
2021-06-26,100000,Gabinete 2,Libre
2021-06-26,110000,Gabinete 2,Libre
2021-06-26,120000,Gabinete 2,Libre
2021-06-26,130000,Gabinete 2,Libre
2021-06-26,140000,Gabinete 2,Libre
2021-06-26,150000,Gabinete 2,Libre
2021-06-26,160000,Gabinete 2,Libre
2021-06-26,170000,Gabinete 2,Libre
2021-06-26,180000,Gabinete 2,Libre
2021-06-26,100000,Gabinete 3,Libre
2021-06-26,110000,Gabinete 3,Libre
2021-06-26,120000,Gabinete 3,Libre
2021-06-26,130000,Gabinete 3,Libre
2021-06-26,140000,Gabinete 3,Libre
2021-06-26,150000,Gabinete 3,Libre
2021-06-26,160000,Gabinete 3,Libre
2021-06-26,170000,Gabinete 3,Libre
2021-06-26,180000,Gabinete 3,Libre
2021-06-28,100000,Gabinete 1,Libre
2021-06-28,110000,Gabinete 1,Libre
2021-06-28,120000,Gabinete 1,Libre
2021-06-28,130000,Gabinete 1,Libre
2021-06-28,140000,Gabinete 1,Libre
2021-06-28,150000,Gabinete 1,Libre
2021-06-28,160000,Gabinete 1,Libre
2021-06-28,170000,Gabinete 1,Libre
2021-06-28,180000,Gabinete 1,Libre
2021-06-28,100000,Gabinete 2,Libre
2021-06-28,110000,Gabinete 2,Libre
2021-06-28,120000,Gabinete 2,Libre
2021-06-28,130000,Gabinete 2,Libre
2021-06-28,140000,Gabinete 2,Libre
2021-06-28,150000,Gabinete 2,Libre
2021-06-28,160000,Gabinete 2,Libre
2021-06-28,170000,Gabinete 2,Libre
2021-06-28,180000,Gabinete 2,Libre
2021-06-28,100000,Gabinete 3,Libre
2021-06-28,110000,Gabinete 3,Libre
2021-06-28,120000,Gabinete 3,Libre
2021-06-28,130000,Gabinete 3,Libre
2021-06-28,140000,Gabinete 3,Libre
2021-06-28,150000,Gabinete 3,Libre
2021-06-28,160000,Gabinete 3,Libre
2021-06-28,170000,Gabinete 3,Libre
2021-06-28,180000,Gabinete 3,Libre
2021-06-29,100000,Gabinete 1,Libre
2021-06-29,110000,Gabinete 1,Libre
2021-06-29,120000,Gabinete 1,Libre
2021-06-29,130000,Gabinete 1,Libre
2021-06-29,140000,Gabinete 1,Libre
2021-06-29,150000,Gabinete 1,Libre
2021-06-29,160000,Gabinete 1,Libre
2021-06-29,170000,Gabinete 1,Libre
2021-06-29,180000,Gabinete 1,Libre
2021-06-29,100000,Gabinete 2,Libre
2021-06-29,110000,Gabinete 2,Libre
2021-06-29,120000,Gabinete 2,Libre
2021-06-29,130000,Gabinete 2,Libre
2021-06-29,140000,Gabinete 2,Libre
2021-06-29,150000,Gabinete 2,Libre
2021-06-29,160000,Gabinete 2,Libre
2021-06-29,170000,Gabinete 2,Libre
2021-06-29,180000,Gabinete 2,Libre
2021-06-29,100000,Gabinete 3,Libre
2021-06-29,110000,Gabinete 3,Libre
2021-06-29,120000,Gabinete 3,Libre
2021-06-29,130000,Gabinete 3,Libre
2021-06-29,140000,Gabinete 3,Libre
2021-06-29,150000,Gabinete 3,Libre
2021-06-29,160000,Gabinete 3,Libre
2021-06-29,170000,Gabinete 3,Libre
2021-06-29,180000,Gabinete 3,Libre
2021-06-30,100000,Gabinete 1,Libre
2021-06-30,110000,Gabinete 1,Libre
2021-06-30,120000,Gabinete 1,Libre
2021-06-30,130000,Gabinete 1,Libre
2021-06-30,140000,Gabinete 1,Libre
2021-06-30,150000,Gabinete 1,Libre
2021-06-30,160000,Gabinete 1,Libre
2021-06-30,170000,Gabinete 1,Libre
2021-06-30,180000,Gabinete 1,Libre
2021-06-30,100000,Gabinete 2,Libre
2021-06-30,110000,Gabinete 2,Libre
2021-06-30,120000,Gabinete 2,Libre
2021-06-30,130000,Gabinete 2,Libre
2021-06-30,140000,Gabinete 2,Libre
2021-06-30,150000,Gabinete 2,Libre
2021-06-30,160000,Gabinete 2,Libre
2021-06-30,170000,Gabinete 2,Libre
2021-06-30,180000,Gabinete 2,Libre
2021-06-30,100000,Gabinete 3,Libre
2021-06-30,110000,Gabinete 3,Libre
2021-06-30,120000,Gabinete 3,Libre
2021-06-30,130000,Gabinete 3,Libre
2021-06-30,140000,Gabinete 3,Libre
2021-06-30,150000,Gabinete 3,Libre
2021-06-30,160000,Gabinete 3,Libre
2021-06-30,170000,Gabinete 3,Libre
2021-06-30,180000,Gabinete 3,Libre
